/*
Post-Deployment Script Template							
--------------------------------------------------------------------------------------
 This file contains SQL statements that will be appended to the build script.		
 Use SQLCMD syntax to include a file in the post-deployment script.			
 Example:      :r .\myfile.sql								
 Use SQLCMD syntax to reference a variable in the post-deployment script.		
 Example:      :setvar TableName MyTable							
               SELECT * FROM [$(TableName)]					
--------------------------------------------------------------------------------------
*/
/*
Post-Deployment Script Template							
--------------------------------------------------------------------------------------
 This file contains SQL statements that will be appended to the build script.		
 Use SQLCMD syntax to include a file in the post-deployment script.			
 Example:      :r .\myfile.sql								
 Use SQLCMD syntax to reference a variable in the post-deployment script.		
 Example:      :setvar TableName MyTable							
               SELECT * FROM [$(TableName)]					
--------------------------------------------------------------------------------------
*/
SET IDENTITY_INSERT [Countries] ON 
insert into Countries ([Id], [Description], [Code], [TaxRegime])
values
    (1, 'South Africa', 'RSA', 'PROG'),
    (2, 'United States of America', 'USA', 'PROG'),
    (3, 'Zimbabwe', 'ZIM', 'FLAT'),
    (4, 'Mauritius', 'MUR', 'PERC')
SET IDENTITY_INSERT [Countries] OFF


SET IDENTITY_INSERT [TaxBrackets] ON 
insert into TaxBrackets([Id], [CountryId], [Code])
values
    (1, 1, 'PAYE'),
    (2, 2, 'PAYE')
SET IDENTITY_INSERT [TaxBrackets] OFF
	
SET IDENTITY_INSERT [TaxBracketLines] ON 
insert into TaxBracketLines (
    Id,
    TaxBracketId,
    OrderNumber,
    LowerLimit,
    UpperLimit,
    Rate
)
values
    (1, 1, 1, 0, 237100, 18),
    (2, 1, 2, 237100, 370500, 26),
    (3, 1, 3, 370500, 512800, 31),
    (4, 1, 4, 512800, 673000, 36),
    (5, 1, 5, 673000, 857900, 39),
    (6, 1, 6, 857900, 1817000, 41),
    (7, 1, 7, 1817000, 999999999999999, 45),
    (8, 2, 1, 0, 11600, 10),
    (9, 2, 2, 11600, 47150, 12),
    (10, 2, 3, 47150, 100520, 22),
    (11, 2, 4, 100520, 191950, 24),
    (12, 2, 5, 191950, 243720, 32),
    (13, 2, 6, 243720, 609350, 35),
    (14, 2, 7, 609350, 999999999999999, 37)
SET IDENTITY_INSERT [TaxBracketLines] OFF

--SELECT * FROM TaxRates


SET IDENTITY_INSERT [TaxRates] ON 
insert into TaxRates ([Id], [CountryId], [RateCode], [Rate])
values
    (1, 3, 'FLATRATE', 20000),
    (2, 3, 'THRES', 150000),
    (3, 4, 'TAXPERC', 30)
SET IDENTITY_INSERT [TaxRates] OFF

insert into TaxCalculations (CountryId, Income)
values
    (3, 1815348.28),
    (2, 131942.02),
    (3, 1006002.33),
    (3, 1729205.05),
    (4, 1055392.42),
    (2, 187191.8),
    (3, 120152.02),
    (3, 1061095.08),
    (3, 1314477.41),
    (3, 1476816.99),
    (4, 60760.15),
    (4, 781873.43),
    (1, 1683443.65),
    (1, 864757.6),
    (4, 659850.9),
    (3, 1531740.16),
    (2, 80834.92),
    (4, 881053.54),
    (3, 849175.64),
    (3, 1926033.57),
    (2, 63857.6),
    (1, 431131.3),
    (4, 1760353.61),
    (4, 263608.1),
    (4, 1903059.02),
    (4, 1789518.85),
    (2, 39659.83),
    (4, 1975677.18),
    (3, 416976.94),
    (3, 185765.46),
    (3, 452632),
    (2, 73933.94),
    (4, 82397.34),
    (3, 1530604.54),
    (1, 1442842.73),
    (2, 29453.85),
    (2, 102341.81),
    (4, 1898629.61),
    (1, 1439276.34),
    (1, 932626.25),
    (4, 692692.44),
    (3, 364378.24),
    (1, 741746.44),
    (3, 857647.95),
    (1, 1230183.3),
    (2, 21380.79),
    (3, 1677702.1),
    (1, 226022.65),
    (4, 820961.3),
    (4, 840340.3),
    (4, 862051.16),
    (2, 166557.15),
    (4, 1589264.16),
    (2, 44387.52),
    (4, 1153084.43),
    (3, 1492684.97),
    (2, 117324.65),
    (4, 1785664.95),
    (1, 1743712.81),
    (1, 505514.32),
    (1, 1855475.75),
    (4, 1194632.34),
    (3, 1472610.56),
    (3, 903289.45),
    (2, 133267.71),
    (2, 133503.69),
    (1, 1338848.58),
    (2, 59721.22),
    (3, 691220.35),
    (4, 508331.65),
    (3, 1456599.56),
    (2, 152051.79),
    (1, 1474878.63),
    (2, 189633.49),
    (2, 34840.08),
    (4, 843257.88),
    (3, 1377100.65),
    (1, 989784.64),
    (4, 724848.05),
    (2, 92045.36),
    (3, 555323.83),
    (3, 1642437.55),
    (2, 82884.26),
    (3, 1590857.49),
    (2, 155742),
    (1, 1813252.93),
    (3, 374801.55),
    (3, 510361.52),
    (2, 6982.4),
    (3, 746749.68),
    (2, 3231.74),
    (3, 902580.39),
    (4, 1273493.35),
    (4, 1788337.68),
    (1, 793517.05),
    (3, 777138.63),
    (4, 1659361.29),
    (2, 190279.69),
    (4, 668635.76),
    (2, 35771.57),
    (3, 1946130.43),
    (4, 1367813.07),
    (2, 127533.28),
    (4, 1230349.95),
    (2, 4104.87),
    (2, 184521.65),
    (3, 667380.26),
    (2, 17893.19),
    (3, 101483.19),
    (2, 113793.12),
    (3, 768124.62),
    (3, 941889.13),
    (2, 180936.91),
    (3, 1514.68),
    (4, 211182.49),
    (3, 675253.21),
    (1, 1686988.02),
    (3, 609797.66),
    (2, 38143.32),
    (3, 135564.83),
    (3, 1075675.21),
    (2, 153250.57),
    (2, 112162.62),
    (1, 1718370.59),
    (2, 94048.89),
    (2, 82100.95),
    (1, 49764.69),
    (3, 1724828.07),
    (3, 1794365.06),
    (2, 40863.36),
    (1, 1282551.32),
    (2, 185996.27),
    (3, 676266.25),
    (1, 1944392.38),
    (2, 68196.67),
    (3, 209200.12),
    (3, 226263.68),
    (3, 42277.46),
    (3, 1501842.35),
    (3, 1658536.58),
    (2, 11697.88),
    (4, 1113961.89),
    (3, 395885.93),
    (4, 1591492.96),
    (4, 1594313.44),
    (3, 1338484.15),
    (3, 183050.23),
    (3, 1072593.6),
    (2, 13525.06),
    (3, 630541.79),
    (2, 139482.38),
    (3, 141872.68),
    (1, 80076.3),
    (1, 1685851.03),
    (3, 90105.45),
    (2, 161375.99),
    (3, 1626310.67),
    (1, 316001.47),
    (1, 313810.93),
    (2, 129818.89),
    (2, 116751.05),
    (2, 79900.44),
    (3, 834554.86),
    (2, 172982.78),
    (1, 1684318.22),
    (1, 942479.79),
    (2, 85652.57),
    (1, 1422783.75),
    (3, 1628740.71),
    (3, 929542.59),
    (3, 1870512.26),
    (4, 119100.49),
    (1, 1276507.39),
    (2, 131889.18),
    (3, 1427839.79),
    (2, 38642.15),
    (3, 1582722.93),
    (2, 151483.46),
    (2, 171593.96),
    (3, 498218.65),
    (1, 1269284.4),
    (2, 60176.29),
    (2, 115912.32),
    (1, 1980593.04),
    (3, 7634.13),
    (2, 42269.85),
    (4, 1215399.79),
    (4, 1753068.33),
    (2, 191194.77),
    (2, 81878.12),
    (3, 1641491.99),
    (3, 286313.25),
    (2, 100854.89),
    (2, 179154.88),
    (4, 595981.15),
    (3, 1013495.15),
    (2, 29823.27),
    (3, 1183117.19),
    (1, 515308.46),
    (4, 123195.76),
    (1, 1680134.48),
    (2, 1722.68),
    (1, 1788802.7),
    (4, 149447.27),
    (2, 110976.49),
    (3, 246668.81),
    (2, 125937.73),
    (3, 1727975.92),
    (4, 223319.12),
    (4, 1394508.31),
    (2, 46905.48),
    (2, 78765.36),
    (3, 4108.83),
    (3, 1309977.49),
    (3, 948988.36),
    (2, 11881.57),
    (1, 364181.84),
    (3, 1855888.38),
    (2, 116346.85),
    (3, 981857.93),
    (2, 92853.15),
    (1, 884301.87),
    (3, 1295885.58),
    (3, 861407.67),
    (3, 1147699.09),
    (4, 851187.74),
    (2, 199194.73),
    (4, 162543.95),
    (2, 197240.96),
    (2, 185409),
    (2, 112379.95),
    (3, 580880.58),
    (3, 794275.78),
    (1, 1905278.47),
    (2, 196886.8),
    (3, 851220.33),
    (2, 197992.83),
    (3, 494036.47),
    (1, 1614073.01),
    (3, 723184.69),
    (4, 1719213.83),
    (1, 449063.42),
    (3, 1859308.53),
    (3, 1144012.06),
    (3, 1683771.11),
    (1, 1076565.71),
    (3, 727659.07),
    (3, 1751379.27),
    (2, 101616.59),
    (1, 37335.14),
    (3, 413696.09),
    (4, 1080902.72),
    (2, 198256.21),
    (3, 1993518.34),
    (3, 2869.15),
    (4, 744224.03),
    (2, 44849.75),
    (3, 1714149.87),
    (2, 136643.61),
    (3, 631291.95),
    (2, 9679.57),
    (3, 1939673.02),
    (3, 955582.62),
    (2, 135135.72),
    (4, 1091999.61),
    (4, 1297774.39),
    (3, 1317496.11),
    (2, 122071.38),
    (1, 1253037.27),
    (3, 1286654.33),
    (3, 247164.64),
    (3, 244347.57),
    (2, 122000.86),
    (3, 1058194.65),
    (3, 678792.56),
    (3, 821895.48),
    (2, 155663.73),
    (2, 115667.37),
    (3, 926082.01),
    (1, 23887.04),
    (3, 870760.33),
    (3, 1090873.72),
    (3, 677616.06),
    (3, 1012330.43),
    (3, 1714131.61),
    (2, 136118.86),
    (4, 1975125.09),
    (3, 10081.46),
    (1, 777875.45),
    (3, 41857.12),
    (3, 923837.49),
    (1, 1061482.48),
    (4, 1517618.28),
    (2, 64393.94),
    (2, 32549.12),
    (4, 281135.83),
    (3, 40802.08),
    (2, 49436.85),
    (4, 473758.13),
    (4, 1406367.89),
    (1, 397357.2),
    (3, 1030919.61),
    (3, 1909412.83),
    (3, 1705104.94),
    (1, 745073.35),
    (3, 1020570.16),
    (2, 13097.44),
    (1, 1833444.49),
    (1, 18821.92),
    (2, 35345.25),
    (4, 1558157.81),
    (4, 1562721.45),
    (3, 627498.64),
    (1, 37971.22),
    (4, 422047),
    (3, 335058.12),
    (4, 536162.35),
    (3, 1624499.96),
    (2, 152440.97),
    (4, 1821419.9),
    (1, 84215.96),
    (1, 22048.11),
    (3, 313015.46),
    (2, 113381.28),
    (2, 134260.74),
    (2, 1082.86),
    (1, 1530878.31),
    (2, 73767.94),
    (4, 1751947.93),
    (2, 148448.41),
    (2, 194120.22),
    (4, 1179357.86),
    (3, 1574843.21),
    (1, 335467.49),
    (3, 270461.57),
    (3, 1819796.44),
    (4, 993095.45),
    (4, 63452.65),
    (3, 92252.07),
    (3, 914938.34),
    (4, 1063798.25),
    (4, 1673118.42),
    (2, 184287.74),
    (1, 866535.95),
    (3, 564428.54),
    (4, 1100430.78),
    (3, 1951082.58),
    (3, 1050020.4),
    (3, 1176282.25),
    (2, 57385.03),
    (1, 1777078.12),
    (3, 229584.06),
    (3, 938245.27),
    (2, 97414.93),
    (3, 678517.47),
    (4, 1954722.41),
    (1, 774418.87),
    (2, 67206.22),
    (2, 23011.5),
    (3, 288504.16),
    (2, 39965.03),
    (2, 24684.23),
    (4, 1426722.02),
    (1, 834993.53),
    (1, 924983.14),
    (3, 617351.25),
    (1, 666059.88),
    (4, 931525.4),
    (2, 150988.93),
    (2, 126462.09),
    (3, 1960917.1),
    (2, 195405.85),
    (3, 1229107.63),
    (2, 23199.18),
    (3, 1509897.58),
    (3, 1868829.46),
    (3, 362014.83),
    (2, 57951.92),
    (4, 1673375.86),
    (3, 506377.26),
    (1, 241843.57),
    (3, 997563.11),
    (2, 132592.75),
    (1, 1363117.18),
    (2, 6550.15),
    (2, 142123.82),
    (2, 146797.27),
    (1, 521237.37),
    (1, 1052880.5),
    (1, 1237486.26),
    (1, 1157686.27),
    (3, 1221948.68),
    (3, 1772676.86),
    (1, 1465702.83),
    (2, 133598.62),
    (4, 1410592.24),
    (3, 392684.45),
    (3, 1016788.7),
    (3, 1494826.94),
    (2, 156938.47),
    (2, 133882),
    (2, 44707.76),
    (4, 1378413.48),
    (4, 775682.33),
    (2, 151350.04),
    (1, 1996169.05),
    (1, 750636.33),
    (4, 394072.46),
    (2, 158446.3),
    (4, 468996.52),
    (1, 33701.88),
    (3, 1714046.49),
    (2, 61486.56),
    (1, 768260.5),
    (2, 31759.32),
    (3, 735874.35),
    (3, 1286515.09),
    (2, 40187.66),
    (2, 146507.05),
    (2, 5307.95),
    (1, 204392.53),
    (4, 558035.7),
    (4, 999173.78),
    (3, 276255.45),
    (1, 205643.61),
    (3, 507591.73),
    (3, 1936805.11),
    (3, 334771.15),
    (3, 576833.28),
    (2, 106364.35),
    (2, 132600.53),
    (1, 341298.2),
    (2, 87685.07),
    (4, 622738.97),
    (3, 1021488.69),
    (3, 526978.64),
    (4, 370913.44),
    (3, 1118718.42),
    (3, 729585.2),
    (3, 89182.21),
    (2, 98119.08),
    (4, 992216.56),
    (3, 420608.97),
    (2, 7873.56),
    (2, 7143.09),
    (3, 556755.28),
    (3, 1084508.99),
    (3, 968766.21),
    (4, 1141332.09),
    (2, 57416.52),
    (1, 1197348.27),
    (4, 938802.13),
    (2, 44200.61),
    (2, 169043.48),
    (1, 621433.92),
    (3, 1126591.07),
    (3, 1273255.39),
    (4, 1477481.7),
    (2, 122057.33),
    (2, 121494.07),
    (4, 877996.89),
    (3, 1896936.94),
    (1, 742869.9),
    (1, 998328.19),
    (2, 49952.43),
    (1, 1516437.33),
    (2, 160327.11),
    (3, 21858.77),
    (4, 1277684.44),
    (2, 52025.44),
    (3, 560372.81),
    (1, 1962727.3),
    (2, 112344.08),
    (3, 1968296.84),
    (3, 875211.23),
    (2, 127090.19),
    (2, 41951.4),
    (2, 148631.72),
    (3, 1470708.9),
    (1, 655580.21),
    (2, 166456.19),
    (2, 186678.46),
    (1, 325829.49),
    (4, 736738.51),
    (2, 60901.32),
    (3, 1574979.77),
    (3, 178986.11),
    (1, 40650.96),
    (2, 199454.96),
    (3, 1857661.8),
    (4, 1442832.97),
    (2, 179806.17),
    (4, 58449.24),
    (3, 1649283.77),
    (4, 633546.18),
    (1, 1387056.11),
    (3, 591304.53),
    (2, 42570.29),
    (2, 35115.89),
    (3, 1864689.97),
    (2, 168078.19),
    (3, 279407.22),
    (2, 30392.02),
    (3, 1859780.04),
    (2, 182591.48),
    (1, 1763708.56),
    (3, 1696045.23),
    (3, 35221.01),
    (2, 82499.7),
    (3, 132283.04),
    (1, 1205510.5),
    (2, 91689.65),
    (3, 328381.91),
    (3, 1253441.63),
    (1, 517960.85),
    (2, 6959.07),
    (2, 160651.97),
    (3, 907922.47),
    (4, 1649975.29),
    (3, 1752016.61),
    (1, 1606389.92),
    (2, 142139.03),
    (2, 126620.99),
    (4, 1609758.03),
    (2, 31411.04),
    (3, 791720.29),
    (3, 1198515.19),
    (2, 103906.41),
    (3, 1686780.51),
    (4, 908307.22),
    (2, 4986.98),
    (3, 233193.89),
    (4, 1246032.26),
    (4, 1120306.68),
    (4, 156775.77),
    (2, 63504.31),
    (2, 83260.55),
    (2, 52727.42),
    (3, 1286140.32),
    (2, 63030.56),
    (2, 161297.71),
    (1, 895363.25),
    (4, 519614.41),
    (2, 98900),
    (3, 397735.58),
    (2, 187264.98),
    (2, 158928.04),
    (2, 87671.77),
    (2, 3651.5),
    (4, 427325.43),
    (4, 1717499.23),
    (2, 117036.68),
    (2, 109843.7),
    (2, 99612.79),
    (4, 991225.47),
    (4, 126506.43),
    (4, 1171172.68),
    (4, 726023.86),
    (4, 1811897.52),
    (2, 156695.49),
    (4, 1234374.69),
    (2, 84428.67),
    (4, 1491341.29),
    (3, 194231.65),
    (3, 1420114.64),
    (2, 79499.39),
    (4, 1425221.86),
    (3, 1610792.4),
    (1, 172308.09),
    (2, 108492.41),
    (4, 1955505.02),
    (3, 938190.57),
    (4, 428483.73),
    (1, 812264.48),
    (4, 1733075.71),
    (3, 1665412.44),
    (2, 87710.8),
    (3, 1502204.3),
    (3, 1078911.7),
    (3, 1309156.81),
    (1, 1584687.91),
    (3, 905968.84),
    (1, 610787.78),
    (2, 181981.29),
    (2, 145327.18),
    (3, 1855256.55),
    (3, 695991.7),
    (4, 1285802.86),
    (1, 1712197.88),
    (2, 188649.27),
    (1, 430601.77),
    (2, 84684.92),
    (4, 399880.62),
    (1, 1864677.64),
    (3, 887594.75),
    (2, 153675.88),
    (2, 63593.4),
    (2, 92440.88),
    (2, 39470.71),
    (2, 94246.13),
    (3, 245196.19),
    (3, 879636.92),
    (3, 867192.15),
    (3, 857694.35),
    (1, 1679494.11),
    (3, 916738.88),
    (2, 88358.54),
    (2, 86126.37),
    (3, 101861.89),
    (2, 31418.47),
    (2, 163458.11),
    (3, 1186374.49),
    (3, 39543.59),
    (1, 1180207.48),
    (3, 127006.27),
    (3, 705470.37),
    (2, 41885.6),
    (4, 793415.07),
    (3, 1498511.41),
    (3, 143503.11),
    (3, 957139.84),
    (3, 1278495.5),
    (4, 816363),
    (1, 1016282.01),
    (3, 1714563.57),
    (2, 163801.88),
    (4, 252305.29),
    (2, 161314.17),
    (3, 1391794.19),
    (3, 1936610.91),
    (4, 1469689.48),
    (3, 1254167.89),
    (3, 1838735.23),
    (3, 1936356.96),
    (1, 312823.97),
    (2, 32010.41),
    (2, 180748.7),
    (2, 197012.83),
    (2, 95741.25),
    (1, 436377.41),
    (4, 908800.11),
    (2, 43835.6),
    (4, 921601.2),
    (2, 105474.27),
    (3, 1944452.81),
    (1, 1098332.31),
    (4, 857470.7),
    (3, 963818.57),
    (2, 30554.14),
    (3, 579748.85),
    (1, 667814.61),
    (3, 563640.81),
    (1, 881238.52),
    (2, 78821.99),
    (3, 780338.57),
    (3, 300558.87),
    (2, 72767.97),
    (2, 50664.84),
    (3, 765011.88),
    (3, 459151.72),
    (4, 290523.35),
    (1, 300243.63),
    (2, 76898.53),
    (1, 1966974.29),
    (3, 1472677.32),
    (2, 194256.22),
    (3, 943929.85),
    (3, 1086534.93),
    (3, 952643.74),
    (2, 102228.1),
    (1, 919825.78),
    (2, 49122.05),
    (2, 183497.6),
    (4, 867302.2),
    (4, 1681343.99),
    (2, 30098.87),
    (3, 1171353.93),
    (4, 825591.7),
    (1, 180834.1),
    (3, 488037.24),
    (4, 165267.71),
    (2, 88416.91),
    (4, 565929.95),
    (3, 1531450.82),
    (2, 20328.85),
    (2, 169080.89),
    (2, 111530.73),
    (3, 532145.13),
    (4, 444873.71),
    (1, 1650037.67),
    (1, 1365836.72),
    (3, 1903513.48),
    (1, 725020.97),
    (2, 57853.02),
    (2, 89200.88),
    (2, 129389.44),
    (2, 140902.51),
    (1, 1300398.37),
    (3, 784172.3),
    (4, 1281131.05),
    (2, 68854.45),
    (3, 1389149.74),
    (3, 155441.2),
    (3, 1255529.31),
    (3, 358157.59),
    (2, 74642.16),
    (2, 7670.51),
    (1, 249952.41),
    (4, 263532.69),
    (2, 141349.91),
    (4, 69286.01),
    (2, 14854.65),
    (3, 1664359.02),
    (4, 1295773.11),
    (2, 197446.21),
    (3, 1232000.9),
    (1, 837884.36),
    (2, 180583.69),
    (1, 1964766.4),
    (2, 195925.69),
    (2, 101714.94),
    (2, 183408.5),
    (2, 65833.89),
    (3, 1157632.31),
    (1, 1093299.57),
    (2, 194890.65),
    (2, 150589.36),
    (4, 1686112.82),
    (4, 1224400.82),
    (4, 1936443.7),
    (3, 744505.45),
    (3, 250686.53)

insert into TaxCalculations (CountryId, Income)
values
    (2, 14046.61),
    (1, 753592.12),
    (3, 1050061.92),
    (2, 118979.04),
    (1, 1722737.15),
    (3, 151498.66),
    (3, 1100521.89),
    (1, 1085681.52),
    (2, 13052.33),
    (4, 1573835.53),
    (2, 166108.9),
    (4, 698541.29),
    (1, 93880),
    (3, 54638.11),
    (3, 900080.19),
    (2, 154437.09),
    (3, 1504494.11),
    (2, 21046.98),
    (1, 1689087.99),
    (3, 1325968.74),
    (2, 105920.47),
    (2, 24674.42),
    (2, 156964.31),
    (4, 823862.27),
    (3, 542200.09),
    (4, 953675.59),
    (4, 1229876.09),
    (4, 1168235.36),
    (1, 644827.27),
    (4, 581068.04),
    (3, 1394925.57),
    (3, 988545.38),
    (2, 30152.75),
    (3, 1150842.97),
    (3, 631952.73),
    (4, 1420080.65),
    (2, 126710.13),
    (2, 169922.48),
    (1, 948922.6),
    (2, 4356.67),
    (1, 1726376.8),
    (2, 74125.63),
    (1, 1651110.13),
    (2, 35551.4),
    (1, 1778823.56),
    (3, 137182.1),
    (3, 79792.29),
    (2, 158537.65),
    (1, 862798.41),
    (1, 1709507.49),
    (4, 516727.13),
    (2, 177243.9),
    (2, 43753.79),
    (4, 675186.06),
    (2, 150077.05),
    (4, 1232716.14),
    (1, 1017107.87),
    (2, 74203.6),
    (1, 1169694.6),
    (3, 667571.49),
    (3, 1060769.28),
    (3, 528503.39),
    (3, 1618703.6),
    (4, 489876.38),
    (2, 170661.39),
    (3, 1454713.54),
    (3, 1609340.4),
    (4, 1108418.55),
    (3, 1737573.73),
    (3, 1092128.65),
    (2, 110491.63),
    (3, 703245.41),
    (2, 192780.97),
    (1, 1155658.05),
    (3, 523043.03),
    (3, 896284.12),
    (4, 1206033.99),
    (4, 1006550.02),
    (2, 155189.47),
    (4, 1125401.64),
    (4, 1354257.46),
    (3, 1651813.18),
    (3, 523272.61),
    (2, 46896.19),
    (1, 544368.49),
    (4, 1479891.57),
    (3, 1040590.38),
    (2, 69793.92),
    (2, 25337.92),
    (3, 669480.69),
    (3, 1644275.15),
    (2, 75621.63),
    (3, 544624.04),
    (3, 443489.14),
    (3, 570344.12),
    (2, 151470.74),
    (4, 583067.18),
    (2, 151307.93),
    (3, 639599.09),
    (1, 1330432.91),
    (3, 1363429.39),
    (2, 17560.89),
    (4, 1561648.09),
    (1, 1784411.32),
    (1, 1121865.37),
    (2, 119594.25),
    (2, 48912.43),
    (2, 1973.72),
    (2, 125045.15),
    (4, 746027.93),
    (1, 361114.48),
    (2, 119142.21),
    (3, 1276046.38),
    (2, 109269.78),
    (3, 1909141.98),
    (2, 139468.44),
    (1, 1495986.18),
    (4, 411071.47),
    (3, 973761.15),
    (4, 337701.11),
    (4, 1800998.44),
    (3, 688227.73),
    (2, 33924.12),
    (2, 190857.49),
    (2, 27207.68),
    (2, 154721.92),
    (3, 933537.9),
    (3, 1105081.23),
    (3, 1433639.14),
    (2, 21128.32),
    (3, 721897.39),
    (1, 504340.36),
    (1, 777655.31),
    (1, 1541581.99),
    (2, 197884.16),
    (2, 47808.89),
    (3, 1242142.21),
    (4, 1266804.17),
    (1, 298699.58),
    (3, 1048991.5),
    (4, 1242398.49),
    (2, 33081.59),
    (2, 185968.75),
    (3, 451499.14),
    (3, 1604650.49),
    (3, 312809.12),
    (3, 883239.09),
    (4, 1685960.07),
    (3, 656084.22),
    (1, 1258267.5),
    (3, 1889866.23),
    (3, 97807.05),
    (2, 44836.78),
    (3, 1354089.33),
    (4, 1502455.34),
    (1, 1363703.57),
    (2, 187157.92),
    (2, 66489.08),
    (3, 955488.72),
    (1, 1901041.85),
    (2, 152415.37),
    (3, 1342868.5),
    (2, 105181.06),
    (1, 470920.58),
    (4, 368548.37),
    (3, 1105491.79),
    (4, 493129.04),
    (2, 53672.33),
    (3, 1205398.07),
    (3, 709828.8),
    (1, 450914.39),
    (2, 180180.2),
    (4, 1899695.62),
    (2, 140245.97),
    (2, 127931.18),
    (4, 1385458.26),
    (2, 190397.39),
    (3, 1890614.7),
    (4, 1094765.14),
    (3, 1032420.66),
    (2, 4703.91),
    (2, 23162.79),
    (1, 720804.63),
    (4, 1245943.59),
    (3, 1350863.5),
    (3, 1002093.26),
    (1, 1876831.55),
    (2, 28139.76),
    (3, 1626552.1),
    (3, 417353.36),
    (3, 1545340.79),
    (1, 553867.96),
    (3, 1273535.17),
    (2, 5408.61),
    (1, 1035722.23),
    (3, 671282.61),
    (2, 168069.01),
    (3, 1810017.96),
    (2, 188196.77),
    (1, 1899060.99),
    (3, 756300.03),
    (1, 1620109.37),
    (3, 1365066.4),
    (3, 1049715.65),
    (3, 1537631.91),
    (3, 166641.15),
    (4, 1392377.49),
    (3, 1691675.59),
    (2, 118165.51),
    (4, 1967241.14),
    (3, 1389513.6),
    (3, 1434047.06),
    (3, 823693.02),
    (4, 141699.81),
    (3, 1265035.91),
    (3, 833363.16),
    (3, 810169.15),
    (3, 1870705.98),
    (2, 8936.8),
    (4, 1116617.96),
    (2, 1219.41),
    (3, 185559.24),
    (1, 247102.01),
    (2, 172262.33),
    (3, 1046918.84),
    (3, 1278251.71),
    (3, 1669851.43),
    (2, 108569.32),
    (2, 114160.49),
    (3, 1846690.57),
    (2, 120002.36),
    (4, 1035124.46),
    (4, 815041.35),
    (2, 89780.95),
    (4, 1180151.03),
    (3, 1626673.85),
    (3, 1454143.78),
    (2, 134943.84),
    (3, 1908763.44),
    (3, 524098.93),
    (4, 931803.42),
    (2, 189406),
    (1, 722565.63),
    (3, 222203.32),
    (1, 1490942),
    (3, 830271.37),
    (2, 199131.66),
    (2, 73707.23),
    (4, 1917795.35),
    (3, 1285776.38),
    (2, 107759.1),
    (2, 22411.16),
    (1, 12221.59),
    (2, 36194.75),
    (1, 344885.63),
    (4, 452712.09),
    (2, 99331.08),
    (4, 648045.31),
    (3, 1889066.7),
    (3, 743104.36),
    (3, 1683017.29),
    (4, 1816817.51),
    (3, 1138502.03),
    (2, 73416.97),
    (2, 40120.76),
    (3, 1336948.33),
    (2, 197186.77),
    (2, 77646.29),
    (3, 1035267.1),
    (4, 1177115.34),
    (2, 1520.84),
    (3, 3319.74),
    (4, 1225965.2),
    (2, 12359.03),
    (4, 120195.59),
    (1, 1523727.98),
    (3, 1480213.98),
    (1, 1147059.86),
    (3, 114205.88),
    (4, 1801408.83),
    (4, 841844.49),
    (4, 1866809.73),
    (1, 257297.47),
    (3, 59766.3),
    (4, 414171.83),
    (2, 46457.16),
    (4, 118289.18),
    (3, 444944.26),
    (4, 1178486.53),
    (2, 102613.25),
    (4, 649379.45),
    (4, 551486.32),
    (2, 151505.1),
    (2, 149363.96),
    (2, 80022.47),
    (4, 606399.15),
    (2, 98465.7),
    (3, 290813.83),
    (3, 1791264.14),
    (3, 214339.48),
    (2, 107752.57),
    (1, 1495998.5),
    (3, 653457.91),
    (3, 833682.62),
    (2, 37731.14),
    (1, 1675454.89),
    (2, 2641.47),
    (2, 131102.3),
    (3, 1601046.59),
    (4, 877551.06),
    (3, 1861408.91),
    (4, 1853427.79),
    (1, 618495.92),
    (3, 982642.24),
    (1, 1408519.63),
    (2, 180503.92),
    (3, 467929.07),
    (1, 1548171.34),
    (2, 42084.47),
    (1, 1102210.24),
    (3, 641337.33),
    (1, 197480.81),
    (4, 1548692.03),
    (2, 32570.34),
    (3, 1905686.37),
    (2, 191727.57),
    (3, 1633541.86),
    (4, 524189.49),
    (2, 197120.02),
    (4, 475233.31),
    (1, 1944184.82),
    (2, 41539.08),
    (1, 173363.72),
    (2, 140129.81),
    (2, 48428.4),
    (2, 28093.21),
    (2, 122996.44),
    (3, 297303.04),
    (2, 139958.31),
    (3, 1834702.55),
    (3, 820502.03),
    (1, 221351.42),
    (1, 1619724.8),
    (4, 594491.72),
    (2, 107865.76),
    (2, 39520.03),
    (3, 664811.86),
    (4, 1937523.68),
    (3, 973269.74),
    (2, 152623.95),
    (4, 325535.13),
    (3, 1387960.52),
    (3, 772908.32),
    (1, 495501.78),
    (2, 149119.2),
    (2, 83822.63),
    (3, 1815957.19),
    (2, 23553.86),
    (2, 199071.71),
    (2, 107968.73),
    (3, 1674411.3),
    (3, 331944.88),
    (3, 1836168.57),
    (3, 1903081.67),
    (2, 77311.13),
    (3, 701720.41),
    (2, 192988.4),
    (2, 171008.89),
    (2, 175890.29),
    (4, 1820265.81),
    (1, 433906.55),
    (4, 1694336.88),
    (3, 465808.61),
    (4, 1430480.44),
    (2, 164760.04),
    (1, 113344.84),
    (2, 121517.18),
    (1, 980715.81),
    (4, 861074.92),
    (1, 107207.92),
    (3, 1626879.08),
    (1, 1183000.16),
    (3, 1201271.88),
    (3, 939135.43),
    (4, 357248.15),
    (2, 43201.31),
    (4, 1349108.78),
    (2, 21387.5),
    (3, 1473970.13),
    (2, 55644.39),
    (3, 1109722.86),
    (3, 519479.47),
    (3, 324866.65),
    (3, 460080.12),
    (1, 1243065.85),
    (2, 109341.06),
    (4, 263271.72),
    (2, 168560.12),
    (1, 902273.32),
    (3, 99599.26),
    (2, 148563.37),
    (2, 39928.36),
    (3, 1255274.39),
    (3, 1075775.2),
    (2, 9455.89),
    (3, 469000.38),
    (2, 35753.77),
    (3, 62848.63),
    (3, 1255935.84),
    (2, 136210.7),
    (3, 1858354.35),
    (3, 318542.41),
    (3, 1147190.43),
    (2, 148077.2),
    (2, 170985.34),
    (2, 161521.79),
    (3, 871131.89),
    (2, 192299.7),
    (2, 155690.44),
    (4, 989820.04),
    (1, 850612.58),
    (4, 1955373.56),
    (4, 1897383.5),
    (4, 1086460.47),
    (4, 375736.21),
    (2, 64006.49),
    (3, 498893.41),
    (4, 1515730.96),
    (4, 1823839.45),
    (2, 108964.39),
    (1, 626311.44),
    (3, 1482290.89),
    (4, 374524.03),
    (4, 1361981.32),
    (2, 63267.42),
    (3, 548050.82),
    (1, 1047408.41),
    (3, 1837321.18),
    (3, 877022.23),
    (2, 99271.91),
    (4, 123528.68),
    (1, 793593.3),
    (3, 819307.87),
    (2, 47169.5),
    (4, 1816248.76),
    (2, 132578.37),
    (3, 1083840.76),
    (2, 110457.29),
    (4, 818004.18),
    (1, 832262.55),
    (3, 1823684.46),
    (1, 503753.95),
    (2, 95108.54),
    (2, 85984.49),
    (2, 68726.88),
    (2, 80439.67),
    (1, 299892.64),
    (1, 1162.12),
    (3, 1211892.94),
    (2, 148732.06),
    (3, 256486.09),
    (4, 773233.19),
    (2, 173562.43),
    (2, 6270.04),
    (3, 581577.58),
    (1, 807928.58),
    (3, 1590479.16),
    (1, 1422076.06),
    (3, 251796.15),
    (1, 539083.05),
    (4, 73590.11),
    (2, 130676.93),
    (2, 121892.39),
    (1, 1071728.53),
    (3, 94069.33),
    (3, 625459.04),
    (2, 143021.62),
    (3, 992577.46),
    (3, 617534.11),
    (3, 575650.77),
    (3, 1369932.21),
    (4, 622727.63),
    (1, 609875.43),
    (2, 103152.84),
    (3, 639899.83),
    (2, 64069.85),
    (1, 1215315.08),
    (2, 18154.58),
    (2, 82154.59),
    (1, 1646938.34),
    (2, 69739.51),
    (2, 172629.42),
    (1, 1823143.44),
    (2, 161956.94),
    (1, 441827.34),
    (3, 1101680.45),
    (3, 1397565.63),
    (3, 168422.14),
    (2, 97548.22),
    (3, 2773.11),
    (4, 1334861.11),
    (1, 1542197.15),
    (2, 110923.18),
    (3, 200457.44),
    (4, 292204.96),
    (3, 1294058.71),
    (3, 1547658.49),
    (3, 1496948.31),
    (3, 703321.6),
    (2, 144362.52),
    (3, 864732.65),
    (3, 380814.77),
    (1, 1239283.23),
    (3, 429963.11),
    (2, 139795.31),
    (4, 648801.21),
    (3, 78021.08),
    (1, 1601596.19),
    (3, 893379.83),
    (1, 1618246.72),
    (4, 1306202.06),
    (3, 1420733.57),
    (2, 54125.3),
    (2, 80838.02),
    (2, 111924.74),
    (2, 20534.45),
    (2, 81649.56),
    (2, 22687.52),
    (4, 1925266.52),
    (1, 375573.04),
    (3, 16699.34),
    (2, 91156.39),
    (4, 1435559.6),
    (4, 1813792.4),
    (4, 1117700.09),
    (3, 634428.95),
    (3, 1087284.73),
    (3, 436278.5),
    (3, 56829.09),
    (2, 6342.79),
    (2, 93608.56),
    (3, 1192377.51),
    (4, 1419875.43),
    (1, 468532.17),
    (3, 1276950.33),
    (1, 386896.14),
    (2, 148219.38),
    (1, 1200589.53),
    (1, 736291.81),
    (3, 729328.22),
    (2, 94761.46),
    (2, 178017.1),
    (1, 657115.66),
    (1, 1815969.17),
    (4, 263564.45),
    (2, 14400.2),
    (3, 1706853.14),
    (2, 47902.06),
    (3, 272089.16),
    (2, 176502.22),
    (2, 132885.77),
    (3, 1775088.72),
    (3, 725057.92),
    (1, 1123825.44),
    (4, 1882580.6),
    (3, 787353.97),
    (1, 1489746.78),
    (4, 713139.84),
    (3, 912968.87),
    (1, 501863.73),
    (1, 1830364.24),
    (1, 1092191.98),
    (2, 155945.38),
    (4, 44850.2),
    (3, 220425.55),
    (2, 137106.22),
    (2, 25352.34),
    (3, 1489402.9),
    (2, 152089.07),
    (2, 88755.28),
    (2, 115294.56),
    (2, 147688.78),
    (3, 436441.85),
    (2, 48486.33),
    (1, 373072.22),
    (4, 969386.75),
    (3, 621399.22),
    (3, 1173592.14),
    (2, 11528.34),
    (2, 153510.93),
    (1, 1882783.98),
    (4, 1851537.49),
    (1, 927964.47),
    (4, 1550416.21),
    (3, 1139267.36),
    (1, 311479.38),
    (2, 11207.34),
    (2, 151058.07),
    (3, 1147963.7),
    (3, 1291261.28),
    (2, 173999.27),
    (3, 50974.47),
    (2, 5671.22),
    (3, 1025429.97),
    (2, 94503.66),
    (3, 853680.41),
    (2, 196024.53),
    (1, 1485251.38),
    (2, 15509.2),
    (3, 1896970.19),
    (3, 1810694.59),
    (3, 355730.84),
    (3, 1639885.78),
    (3, 1247070.73),
    (2, 198927.69),
    (2, 97109.51),
    (2, 154071.7),
    (4, 55301.96),
    (4, 1101542.33),
    (3, 1935793.73),
    (2, 91617.42),
    (3, 169570.74),
    (4, 521206.55),
    (1, 788948.08),
    (2, 85489.93),
    (2, 71492.83),
    (2, 30927.01),
    (3, 1531219.79),
    (2, 188034.64),
    (3, 1346012.9),
    (2, 43521.36),
    (2, 26314.59),
    (1, 745557.96),
    (3, 717529.4),
    (3, 1019032.2),
    (1, 659791.6),
    (3, 483331.84),
    (3, 628015.4),
    (3, 1291754.98),
    (3, 1690103.17),
    (2, 122138.97),
    (1, 861394.05),
    (2, 124320.75),
    (4, 766091.64),
    (4, 431477.43),
    (2, 145636.76),
    (1, 1068490.43),
    (3, 7095.06),
    (1, 581624.23),
    (2, 110984.05),
    (1, 1725494.46),
    (1, 1731619.22),
    (2, 33184.14),
    (3, 411055.29),
    (4, 1051083.35),
    (3, 1840644.82),
    (4, 1734259.81),
    (2, 122249.13),
    (1, 1544147.4),
    (2, 25758.13),
    (2, 188303.81),
    (1, 1207423),
    (2, 190770.83),
    (2, 85405.2),
    (2, 114643.54),
    (3, 609817.39),
    (2, 142403.02),
    (2, 111688.23),
    (2, 160377.34),
    (2, 99061.6),
    (2, 170366.53),
    (3, 1552722.31),
    (2, 159266.48),
    (3, 680122.93),
    (4, 619475.08),
    (1, 498112.4),
    (3, 1974513.04),
    (3, 1502977.07),
    (2, 52839.45),
    (4, 1178675.67),
    (3, 681555.48),
    (2, 121747.6),
    (3, 1301078.93),
    (2, 75184.2),
    (1, 301381.8),
    (2, 87291.14),
    (2, 103393.71),
    (3, 1935655.96),
    (1, 1724623.42),
    (2, 56890.87),
    (2, 150879.02),
    (3, 1282056.94),
    (4, 1796907.61),
    (3, 1721014.39),
    (4, 103744.16),
    (3, 1693787.51),
    (1, 1826798.56),
    (2, 99092.33),
    (2, 97017.95),
    (4, 689134.26),
    (4, 663068.32),
    (3, 693166.55),
    (3, 858273.59),
    (1, 724343.47),
    (4, 1830636.01),
    (3, 9292.82),
    (1, 1104502.92),
    (1, 1906009.91),
    (3, 1855316.93),
    (4, 962650.54),
    (2, 98902.08),
    (3, 488957.87),
    (1, 585908.06),
    (2, 179777.32),
    (1, 1917256.68),
    (3, 87690.59),
    (3, 146586.59),
    (4, 1987113.58),
    (4, 1147129.72),
    (3, 1379258.84),
    (2, 117141.14),
    (3, 1363412.48),
    (2, 133058.3),
    (3, 1651965.89),
    (1, 430364.07),
    (3, 174544),
    (2, 4983.69),
    (1, 771049.16),
    (3, 382857.39),
    (2, 38225.86),
    (1, 1593299.07),
    (4, 1965212.76),
    (4, 1282230.95),
    (4, 1948124.38),
    (2, 72957.21),
    (2, 84632.81),
    (1, 1026853.13),
    (4, 1098987.76),
    (4, 1468863.32),
    (1, 385133.33),
    (3, 1021417.24),
    (1, 251228.04),
    (4, 1220599.42),
    (2, 61682.9),
    (3, 978038.15),
    (4, 776186.19),
    (2, 25161.95),
    (3, 338409.45),
    (4, 402804.57),
    (1, 1336518.67),
    (3, 64524.17),
    (1, 1677205.54),
    (3, 510402.51),
    (1, 1856815.58),
    (3, 1632480.99),
    (3, 1894209.88),
    (2, 166414.6),
    (2, 69430.48),
    (2, 102819.19),
    (1, 1302913.4),
    (2, 13384.67),
    (3, 440866.74),
    (4, 1149751.29),
    (3, 668051.06),
    (3, 1061861.78),
    (2, 105511.91),
    (4, 374721.24),
    (1, 734766.23)

